30000000,-1.999736163
30058622.37,-1.999031087
30117244.75,-1.998949804
30175867.12,-1.999320323
30234489.5,-2.000690296
30293111.87,-2.002196412
30351734.25,-2.004506117
30410356.62,-2.007217667
30468978.99,-2.010463663
30527601.37,-2.014227164
30586223.74,-2.01906811
30644846.12,-2.021493813
30703468.49,-2.024173328
30762090.86,-2.028362799
30820713.24,-2.03321008
30879335.61,-2.037534358
30937957.99,-2.041622264
30996580.36,-2.045867481
31055202.74,-2.050996024
31113825.11,-2.056997307
31172447.48,-2.060380629
31231069.86,-2.06454645
31289692.23,-2.071406498
31348314.61,-2.076592139
31406936.98,-2.080639087
31465559.36,-2.086471174
31524181.73,-2.092249165
31582804.1,-2.095501254
31641426.48,-2.101216995
31700048.85,-2.10777009
31758671.23,-2.110878349
31817293.6,-2.115700984
31875915.97,-2.12102697
31934538.35,-2.122521712
31993160.72,-2.126815462
32051783.1,-2.130159741
32110405.47,-2.132537061
32169027.85,-2.136249161
32227650.22,-2.138017587
32286272.59,-2.138661242
32344894.97,-2.142280878
32403517.34,-2.142820213
32462139.72,-2.144114284
32520762.09,-2.144187902
32579384.47,-2.143502416
32638006.84,-2.144101853
32696629.21,-2.141721001
32755251.59,-2.140793545
32813873.96,-2.140065183
32872496.34,-2.137716439
32931118.71,-2.135253009
32989741.08,-2.131908253
33048363.46,-2.127634428
33106985.83,-2.122428672
33165608.21,-2.118876788
33224230.58,-2.11246965
33282852.96,-2.10771195
33341475.33,-2.100422319
33400097.7,-2.093447742
33458720.08,-2.085536703
33517342.45,-2.078910816
33575964.83,-2.069965056
33634587.2,-2.062054723
33693209.57,-2.053319843
33751831.95,-2.044085106
33810454.32,-2.034882816
33869076.7,-2.026242315
33927699.07,-2.01597055
33986321.45,-2.006773413
34044943.82,-1.997048089
34103566.19,-1.986100548
34162188.57,-1.976867033
34220810.94,-1.965336599
34279433.32,-1.956311945
34338055.69,-1.944737279
34396678.07,-1.935071038
34455300.44,-1.924573581
34513922.81,-1.913175321
34572545.19,-1.9014045
34631167.56,-1.890899078
34689789.94,-1.878479602
34748412.31,-1.86812821
34807034.68,-1.85418582
34865657.06,-1.843438846
34924279.43,-1.832046962
34982901.81,-1.819068316
35041524.18,-1.806940413
35100146.56,-1.793206436
35158768.93,-1.780864563
35217391.3,-1.770268914
35276013.68,-1.756958991
35334636.05,-1.743279801
35393258.43,-1.733530686
35451880.8,-1.720517027
35510503.18,-1.708449691
35569125.55,-1.698475628
35627747.92,-1.686161295
35686370.3,-1.67421073
35744992.67,-1.666499577
35803615.05,-1.65576384
35862237.42,-1.64442892
35920859.79,-1.63737206
35979482.17,-1.627888855
36038104.54,-1.617009093
36096726.92,-1.610061023
36155349.29,-1.602972555
36213971.67,-1.5938682
36272594.04,-1.586520604
36331216.41,-1.581359997
36389838.79,-1.574914781
36448461.16,-1.567315587
36507083.54,-1.562935148
36565705.91,-1.559260746
36624328.29,-1.55474617
36682950.66,-1.549514809
36741573.03,-1.546696633
36800195.41,-1.544488081
36858817.78,-1.542598122
36917440.16,-1.540077733
36976062.53,-1.538883163
37034684.9,-1.538567053
37093307.28,-1.537398785
37151929.65,-1.538105885
37210552.03,-1.539120626
37269174.4,-1.540431587
37327796.78,-1.541735199
37386419.15,-1.544400361
37445041.52,-1.546534396
37503663.9,-1.549985093
37562286.27,-1.553200524
37620908.65,-1.55678821
37679531.02,-1.560170094
37738153.4,-1.566313709
37796775.77,-1.57186014
37855398.14,-1.576903545
37914020.52,-1.582288625
37972642.89,-1.588030632
38031265.27,-1.595261223
38089887.64,-1.601854996
38148510.01,-1.609317502
38207132.39,-1.616091595
38265754.76,-1.622316598
38324377.14,-1.629418061
38382999.51,-1.636944333
38441621.89,-1.644625643
38500244.26,-1.653473596
38558866.63,-1.662022906
38617489.01,-1.668524162
38676111.38,-1.675035097
38734733.76,-1.681210402
38793356.13,-1.687614908
38851978.51,-1.697323845
38910600.88,-1.70509356
38969223.25,-1.713023827
39027845.63,-1.719263121
39086468,-1.72634405
39145090.38,-1.731991506
39203712.75,-1.73751404
39262335.12,-1.74440534
39320957.5,-1.750744824
39379579.87,-1.757966158
39438202.25,-1.764915912
39496824.62,-1.771557241
39555447,-1.777610302
39614069.37,-1.784277117
39672691.74,-1.789526467
39731314.12,-1.795232911
39789936.49,-1.800578357
39848558.87,-1.806867399
39907181.24,-1.811431062
39965803.62,-1.815831461
40024425.99,-1.82073026
40083048.36,-1.825199577
40141670.74,-1.82913368
40200293.11,-1.833668812
40258915.49,-1.836922944
40317537.86,-1.840692343
40376160.23,-1.843622451
40434782.61,-1.845885132
40493404.98,-1.848307505
40552027.36,-1.849764048
40610649.73,-1.85003156
40669272.11,-1.849582918
40727894.48,-1.849163527
40786516.85,-1.849152559
40845139.23,-1.846776188
40903761.6,-1.84600462
40962383.98,-1.843695624
41021006.35,-1.838884129
41079628.72,-1.836793997
41138251.1,-1.83293634
41196873.47,-1.827963185
41255495.85,-1.822534924
41314118.22,-1.815505454
41372740.6,-1.807819557
41431362.97,-1.800827094
41489985.34,-1.79139034
41548607.72,-1.782329053
41607230.09,-1.771991695
41665852.47,-1.761430586
41724474.84,-1.751269396
41783097.22,-1.740457019
41841719.59,-1.728059922
41900341.96,-1.716315332
41958964.34,-1.705408191
42017586.71,-1.693938889
42076209.09,-1.680910983
42134831.46,-1.668720177
42193453.83,-1.657557218
42252076.21,-1.644957598
42310698.58,-1.633267968
42369320.96,-1.620883062
42427943.33,-1.608187941
42486565.71,-1.594420724
42545188.08,-1.580943743
42603810.45,-1.566625355
42662432.83,-1.554665495
42721055.2,-1.541767714
42779677.58,-1.529347643
42838299.95,-1.51757596
42896922.33,-1.507022464
42955544.7,-1.497559998
43014167.07,-1.487922346
43072789.45,-1.478508169
43131411.82,-1.469459205
43190034.2,-1.458121869
43248656.57,-1.447845722
43307278.94,-1.437427022
43365901.32,-1.430145224
43424523.69,-1.42256582
43483146.07,-1.415698446
43541768.44,-1.410480214
43600390.82,-1.405983329
43659013.19,-1.401006695
43717635.56,-1.396717232
43776257.94,-1.390840586
43834880.31,-1.38671519
43893502.69,-1.384063412
43952125.06,-1.382290359
44010747.44,-1.381973061
44069369.81,-1.382491497
44127992.18,-1.383873862
44186614.56,-1.384001613
44245236.93,-1.38376341
44303859.31,-1.384859941
44362481.68,-1.387922486
44421104.05,-1.390728938
44479726.43,-1.394213703
44538348.8,-1.399253015
44596971.18,-1.403296903
44655593.55,-1.407253309
44714215.93,-1.412957262
44772838.3,-1.418121745
44831460.67,-1.42423835
44890083.05,-1.430773698
44948705.42,-1.438474778
45007327.8,-1.445137212
45065950.17,-1.452843987
45124572.55,-1.459950854
45183194.92,-1.46736435
45241817.29,-1.47669775
45300439.67,-1.48513971
45359062.04,-1.493300251
45417684.42,-1.502508746
45476306.79,-1.512272169
45534929.16,-1.519421379
45593551.54,-1.528188985
45652173.91,-1.537749268
45710796.29,-1.546471912
45769418.66,-1.555771373
45828041.04,-1.564778238
45886663.41,-1.572430184
45945285.78,-1.58323864
46003908.16,-1.591452451
46062530.53,-1.602079465
46121152.91,-1.609764458
46179775.28,-1.618224993
46238397.66,-1.627762382
46297020.03,-1.635074677
46355642.4,-1.646523788
46414264.78,-1.653343393
46472887.15,-1.66346029
46531509.53,-1.670299977
46590131.9,-1.680441207
46648754.27,-1.689958943
46707376.65,-1.696932223
46765999.02,-1.705557065
46824621.4,-1.713057516
46883243.77,-1.721869635
46941866.15,-1.728337848
47000488.52,-1.735881854
47059110.89,-1.739800975
47117733.27,-1.749294105
47176355.64,-1.754427036
47234978.02,-1.759683192
47293600.39,-1.762062565
47352222.77,-1.769685213
47410845.14,-1.773429443
47469467.51,-1.776646879
47528089.89,-1.776879841
47586712.26,-1.780835918
47645334.64,-1.784489416
47703957.01,-1.784600305
47762579.38,-1.783925315
47821201.76,-1.787677965
47879824.13,-1.787313906
47938446.51,-1.784596877
47997068.88,-1.782133021
48055691.26,-1.783473843
48114313.63,-1.779743345
48172936,-1.774265524
48231558.38,-1.77166898
48290180.75,-1.769444365
48348803.13,-1.764086947
48407425.5,-1.756436611
48466047.87,-1.754048236
48524670.25,-1.748155871
48583292.62,-1.739553689
48641915,-1.732894183
48700537.37,-1.728296999
48759159.75,-1.719224504
48817782.12,-1.710323913
48876404.49,-1.703286825
48935026.87,-1.695358004
48993649.24,-1.686166316
49052271.62,-1.675371187
49110893.99,-1.669996294
49169516.37,-1.658650692
49228138.74,-1.648528542
49286761.11,-1.641268033
49345383.49,-1.630695331
49404005.86,-1.621351128
49462628.24,-1.610811733
49521250.61,-1.603191225
49579872.98,-1.593223708
49638495.36,-1.581799913
49697117.73,-1.573530927
49755740.11,-1.563202916
49814362.48,-1.551725626
49872984.86,-1.545012884
49931607.23,-1.534296406
49990229.6,-1.52469621
50048851.98,-1.518688514
50107474.35,-1.510816681
50166096.73,-1.501673003
50224719.1,-1.496998018
50283341.48,-1.489804038
50341963.85,-1.483022627
50400586.22,-1.480159352
50459208.6,-1.473304207
50517830.97,-1.469832899
50576453.35,-1.468421295
50635075.72,-1.462936603
50693698.09,-1.459500478
50752320.47,-1.458801943
50810942.84,-1.454065075
50869565.22,-1.450774269
50928187.59,-1.449688847
50986809.97,-1.446754908
51045432.34,-1.444116374
51104054.71,-1.445096581
51162677.09,-1.444127937
51221299.46,-1.445233365
51279921.84,-1.44596915
51338544.21,-1.448630167
51397166.59,-1.450567569
51455788.96,-1.452142876
51514411.33,-1.456120556
51573033.71,-1.462306692
51631656.08,-1.464106618
51690278.46,-1.469993891
51748900.83,-1.47580372
51807523.2,-1.480130099
51866145.58,-1.488083607
51924767.95,-1.493206302
51983390.33,-1.502024418
52042012.7,-1.51053164
52100635.08,-1.514880773
52159257.45,-1.525948087
52217879.82,-1.532869073
52276502.2,-1.540479373
52335124.57,-1.550165434
52393746.95,-1.557112781
52452369.32,-1.567710619
52510991.7,-1.57739387
52569614.07,-1.58398382
52628236.44,-1.595547971
52686858.82,-1.602133205
52745481.19,-1.61214368
52804103.57,-1.620795176
52862725.94,-1.62536231
52921348.31,-1.639475352
52979970.69,-1.645039277
53038593.06,-1.653458468
53097215.44,-1.663583669
53155837.81,-1.666885527
53214460.19,-1.67884108
53273082.56,-1.683699504
53331704.93,-1.691538483
53390327.31,-1.699477915
53448949.68,-1.703364374
53507572.06,-1.714688914
53566194.43,-1.717202563
53624816.81,-1.72648014
53683439.18,-1.72979069
53742061.55,-1.734617768
53800683.93,-1.74399915
53859306.3,-1.747036809
53917928.68,-1.755833665
53976551.05,-1.758412642
54035173.42,-1.764970551
54093795.8,-1.76875162
54152418.17,-1.772160433
54211040.55,-1.778478083
54269662.92,-1.780204486
54328285.3,-1.78698993
54386907.67,-1.786709318
54445530.04,-1.793001227
54504152.42,-1.79387458
54562774.79,-1.797774218
54621397.17,-1.798683138
54680019.54,-1.801406785
54738641.91,-1.802701672
54797264.29,-1.802637379
54855886.66,-1.808041589
54914509.04,-1.803841298
54973131.41,-1.809263069
55031753.79,-1.804995727
55090376.16,-1.808682386
55148998.53,-1.804927016
55207620.91,-1.803884886
55266243.28,-1.804706676
55324865.66,-1.797263307
55383488.03,-1.803332679
55442110.41,-1.792514366
55500732.78,-1.798258667
55559355.15,-1.786972697
55617977.53,-1.791879801
55676599.9,-1.783022328
55735222.28,-1.784069853
55793844.65,-1.778962309
55852467.02,-1.773323096
55911089.4,-1.774464916
55969711.77,-1.763383506
56028334.15,-1.769126992
56086956.52,-1.755905951
56145578.9,-1.76237177
56204201.27,-1.748457015
56262823.64,-1.754290225
56321446.02,-1.740491739
56380068.39,-1.743722835
56438690.77,-1.732142183
56497313.14,-1.731702983
56555935.52,-1.722583723
56614557.89,-1.720957136
56673180.26,-1.71614451
56731802.64,-1.708293853
56790425.01,-1.709182348
56849047.39,-1.697623047
56907669.76,-1.701655652
56966292.13,-1.68854881
57024914.51,-1.692802505
57083536.88,-1.681104676
57142159.26,-1.68534431
57200781.63,-1.673380689
57259404.01,-1.680158072
57318026.38,-1.665815642
57376648.75,-1.672546509
57435271.13,-1.660854858
57493893.5,-1.668840445
57552515.88,-1.657575927
57611138.25,-1.666164835
57669760.63,-1.655393976
57728383,-1.663001554
57787005.37,-1.654264871
57845627.75,-1.661098985
57904250.12,-1.654717722
57962872.5,-1.662189924
58021494.87,-1.657391857
58080117.24,-1.664275705
58138739.62,-1.661337773
58197361.99,-1.669405577
58255984.37,-1.667158945
58314606.74,-1.676683128
58373229.12,-1.677167312
58431851.49,-1.685440277
58490473.86,-1.687805044
58549096.24,-1.697240807
58607718.61,-1.700455107
58666340.99,-1.711635142
58724963.36,-1.716020866
58783585.74,-1.727374411
58842208.11,-1.73239734
58900830.48,-1.745826342
58959452.86,-1.752362313
59018075.23,-1.765654239
59076697.61,-1.773080333
59135319.98,-1.786003792
59193942.35,-1.79611107
59252564.73,-1.808077825
59311187.1,-1.818884151
59369809.48,-1.83133115
59428431.85,-1.843430512
59487054.23,-1.855839459
59545676.6,-1.868755276
59604298.97,-1.880793055
59662921.35,-1.894350912
59721543.72,-1.90788163
59780166.1,-1.921569694
59838788.47,-1.934657025
59897410.85,-1.947746542
59956033.22,-1.962481473
60014655.59,-1.97522509
60073277.97,-1.990142597
60131900.34,-2.003180312
60190522.72,-2.018782211
60249145.09,-2.031350678
60307767.46,-2.047666508
60366389.84,-2.058198064
60425012.21,-2.075591544
60483634.59,-2.084451382
60542256.96,-2.102141526
60600879.34,-2.109515844
60659501.71,-2.125960958
60718124.08,-2.134572836
60776746.46,-2.147776293
60835368.83,-2.158321313
60893991.21,-2.166750147
60952613.58,-2.179420954
61011235.96,-2.185798924
61069858.33,-2.199661921
61128480.7,-2.205356809
61187103.08,-2.219488394
61245725.45,-2.224207547
61304347.83,-2.23767499
61362970.2,-2.241817627
61421592.57,-2.251475211
61480214.95,-2.258750199
61538837.32,-2.261824407
61597459.7,-2.272645779
61656082.07,-2.273498331
61714704.45,-2.282939333
61773326.82,-2.285216883
61831949.19,-2.295468593
61890571.57,-2.294587831
61949193.94,-2.301370647
62007816.32,-2.304168247
62066438.69,-2.30344202
62125061.06,-2.306978413
62183683.44,-2.304641846
62242305.81,-2.311386337
62300928.19,-2.308911022
62359550.56,-2.313057798
62418172.94,-2.311738315
62476795.31,-2.309431103
62535417.68,-2.310615919
62594040.06,-2.305256455
62652662.43,-2.308545378
62711284.81,-2.302755874
62769907.18,-2.304685325
62828529.56,-2.301740676
62887151.93,-2.297914995
62945774.3,-2.298202103
63004396.68,-2.291248588
63063019.05,-2.293553478
63121641.43,-2.287016347
63180263.8,-2.287004123
63238886.17,-2.283425487
63297508.55,-2.275980446
63356130.92,-2.277945397
63414753.3,-2.268291596
63473375.67,-2.269261344
63531998.05,-2.262862839
63590620.42,-2.25928254
63649242.79,-2.257684591
63707865.17,-2.250129796
63766487.54,-2.250423531
63825109.92,-2.239663655
63883732.29,-2.239422524
63942354.67,-2.234951165
64000977.04,-2.228047977
64059599.41,-2.229113113
64118221.79,-2.220176025
64176844.16,-2.219509345
64235466.54,-2.213375851
64294088.91,-2.208057327
64352711.28,-2.210858972
64411333.66,-2.202470884
64469956.03,-2.203287457
64528578.41,-2.197287869
64587200.78,-2.195431493
64645823.16,-2.196965675
64704445.53,-2.190792014
64763067.9,-2.194215511
64821690.28,-2.188553659
64880312.65,-2.18803163
64938935.03,-2.191992343
64997557.4,-2.189636662
65056179.78,-2.194677009
65114802.15,-2.191109583
65173424.52,-2.192894353
65232046.9,-2.198741737
65290669.27,-2.198698213
65349291.65,-2.205939921
65407914.02,-2.205662855
65466536.39,-2.210332416
65525158.77,-2.218338249
65583781.14,-2.221625435
65642403.52,-2.231928635
65701025.89,-2.233290299
65759648.27,-2.241302874
65818270.64,-2.25335655
65876893.01,-2.2590466
65935515.39,-2.271541917
65994137.76,-2.276061631
66052760.14,-2.287321438
66111382.51,-2.303459648
66170004.89,-2.310087384
66228627.26,-2.325127884
66287249.63,-2.334570457
66345872.01,-2.348308293
66404494.38,-2.368094835
66463116.76,-2.37556635
66521739.13,-2.392408479
66580361.5,-2.408251053
66638983.88,-2.423822614
66697606.25,-2.444879485
66756228.63,-2.453976926
66814851,-2.47313849
66873473.38,-2.494763765
66932095.75,-2.507187443
66990718.12,-2.530071874
67049340.5,-2.543924476
67107962.87,-2.563195015
67166585.25,-2.588124571
67225207.62,-2.599777723
67283830,-2.620085833
67342452.37,-2.641380343
67401074.74,-2.657828512
67459697.12,-2.680715879
67518319.49,-2.695129938
67576941.87,-2.713820939
67635564.24,-2.739124818
67694186.61,-2.751082122
67752808.99,-2.771480137
67811431.36,-2.791351754
67870053.74,-2.807868982
67928676.11,-2.830183407
67987298.49,-2.843873183
68045920.86,-2.861599341
68104543.23,-2.885715484
68163165.61,-2.89721376
68221787.98,-2.913603852
68280410.36,-2.935788234
68339032.73,-2.949933601
68397655.11,-2.966652039
68456277.48,-2.982617683
68514899.85,-2.999225253
68573522.23,-3.016036296
68632144.6,-3.02773542
68690766.98,-3.04288666
68749389.35,-3.05957976
68808011.72,-3.070798563
68866634.1,-3.08070624
68925256.47,-3.095986288
68983878.85,-3.108478396
69042501.22,-3.114648805
69101123.6,-3.125332056
69159745.97,-3.139820855
69218368.34,-3.144785785
69276990.72,-3.151907353
69335613.09,-3.163990147
69394235.47,-3.16797032
69452857.84,-3.174137548
69511480.21,-3.183925123
69570102.59,-3.188150815
69628724.96,-3.194134825
69687347.34,-3.199022322
69745969.71,-3.203492862
69804592.09,-3.212031006
69863214.46,-3.211845615
69921836.83,-3.215401846
69980459.21,-3.221436796
70039081.58,-3.218580739
70097703.96,-3.219671594
70156326.33,-3.226581417
70214948.71,-3.221246675
70273571.08,-3.220001691
70332193.45,-3.226803236
70390815.83,-3.219135128
70449438.2,-3.215254604
70508060.58,-3.221198074
70566682.95,-3.21286945
70625305.32,-3.208925235
70683927.7,-3.212110213
70742550.07,-3.203868379
70801172.45,-3.200280958
70859794.82,-3.20178327
70918417.2,-3.192649518
70977039.57,-3.191285335
71035661.94,-3.191655987
71094284.32,-3.182402011
71152906.69,-3.180571194
71211529.07,-3.179792366
71270151.44,-3.170101098
71328773.82,-3.169832939
71387396.19,-3.167873304
71446018.56,-3.158958716
71504640.94,-3.158019874
71563263.31,-3.156139569
71621885.69,-3.146008474
71680508.06,-3.146785365
71739130.43,-3.145523044
71797752.81,-3.137150879
71856375.18,-3.136063908
71914997.56,-3.135479492
71973619.93,-3.128129276
72032242.31,-3.127658583
72090864.68,-3.129145157
72149487.05,-3.123298687
72208109.43,-3.122802946
72266731.8,-3.125421827
72325354.18,-3.122467099
72383976.55,-3.121400168
72442598.93,-3.127337949
72501221.3,-3.126305743
72559843.67,-3.125777415
72618466.05,-3.13399938
72677088.42,-3.135359429
72735710.8,-3.134118725
72794333.17,-3.145617644
72852955.54,-3.149904698
72911577.92,-3.149223515
72970200.29,-3.162484371
73028822.67,-3.16877312
73087445.04,-3.170501686
73146067.42,-3.185912136
73204689.79,-3.193627325
73263312.16,-3.197313399
73321934.54,-3.213401811
73380556.91,-3.223761136
73439179.29,-3.229391759
73497801.66,-3.246122506
73556424.04,-3.258748597
73615046.41,-3.268042199
73673668.78,-3.282229374
73732291.16,-3.298009898
73790913.53,-3.311832365
73849535.91,-3.325196467
73908158.28,-3.344420322
73966780.65,-3.360199598
74025403.03,-3.37381961
74084025.4,-3.394324343
74142647.78,-3.413161442
74201270.15,-3.425907335
74259892.53,-3.448905082
74318514.9,-3.467656046
74377137.27,-3.48287531
74435759.65,-3.505941222
74494382.02,-3.525744537
74553004.4,-3.543767735
74611626.77,-3.56449209
74670249.15,-3.5861068
74728871.52,-3.607169567
74787493.89,-3.625019464
74846116.27,-3.648598175
74904738.64,-3.670655883
74963361.02,-3.687074049
75021983.39,-3.711322853
75080605.76,-3.734811308
75139228.14,-3.750932805
75197850.51,-3.77667259
75256472.89,-3.798080915
75315095.26,-3.818658339
75373717.64,-3.838911535
75432340.01,-3.860667644
75490962.38,-3.885422389
75549584.76,-3.900416429
75608207.13,-3.925343087
75666829.51,-3.948449025
75725451.88,-3.965173793
75784074.26,-3.987419117
75842696.63,-4.006618666
75901319,-4.025726126
75959941.38,-4.043178845
76018563.75,-4.062958863
76077186.13,-4.08502325
76135808.5,-4.099116548
76194430.87,-4.119921415
76253053.25,-4.138560598
76311675.62,-4.151372846
76370298,-4.170235651
76428920.37,-4.185796334
76487542.75,-4.202479235
76546165.12,-4.215354069
76604787.49,-4.231891478
76663409.87,-4.24764973
76722032.24,-4.257063487
76780654.62,-4.272652716
76839276.99,-4.283099659
76897899.36,-4.293496448
76956521.74,-4.304612895
77015144.11,-4.315847861
77073766.49,-4.326929697
77132388.86,-4.332085922
77191011.24,-4.342421052
77249633.61,-4.349306316
77308255.98,-4.354932516
77366878.36,-4.362793178
77425500.73,-4.368279669
77484123.11,-4.374834044
77542745.48,-4.376120379
77601367.86,-4.382538275
77659990.23,-4.384027264
77718612.6,-4.384376186
77777234.98,-4.387718019
77835857.35,-4.391487398
77894479.73,-4.390005527
77953102.1,-4.388191824
78011724.47,-4.394794213
78070346.85,-4.389230723
78128969.22,-4.385615262
78187591.6,-4.388298096
78246213.97,-4.387133525
78304836.35,-4.384899317
78363458.72,-4.378024831
78422081.09,-4.38026522
78480703.47,-4.376194287
78539325.84,-4.367874809
78597948.22,-4.36607662
78656570.59,-4.365655438
78715192.97,-4.361672419
78773815.34,-4.350751203
78832437.71,-4.352631269
78891060.09,-4.350666955
78949682.46,-4.344350426
79008304.84,-4.334967997
79066927.21,-4.338098026
79125549.58,-4.336458649
79184171.96,-4.326722233
79242794.33,-4.322829736
79301416.71,-4.324715944
79360039.08,-4.323802796
79418661.46,-4.312022354
79477283.83,-4.316061429
79535906.2,-4.317457813
79594528.58,-4.312926272
79653150.95,-4.3046705
79711773.33,-4.311087016
79770395.7,-4.314143767
79829018.08,-4.308940598
79887640.45,-4.30600834
79946262.82,-4.310954139
80004885.2,-4.317823238
80063507.57,-4.311050296
80122129.95,-4.316511167
80180752.32,-4.323258089
80239374.69,-4.329183794
80297997.07,-4.325316957
80356619.44,-4.333888855
80415241.82,-4.344060146
80473864.19,-4.349513599
80532486.57,-4.350299855
80591108.94,-4.363053264
80649731.31,-4.375361975
80708353.69,-4.380163216
80766976.06,-4.386453192
80825598.44,-4.40025463
80884220.81,-4.417216839
80942843.19,-4.422730446
81001465.56,-4.434615363
81060087.93,-4.449779525
81118710.31,-4.468413464
81177332.68,-4.474941322
81235955.06,-4.491636196
81294577.43,-4.510820518
81353199.8,-4.529843617
81411822.18,-4.539240513
81470444.55,-4.558775667
81529066.93,-4.579625805
81587689.3,-4.598190768
81646311.68,-4.6117484
81704934.05,-4.632905702
81763556.42,-4.656783989
81822178.8,-4.674517446
81880801.17,-4.690801773
81939423.55,-4.715154273
81998045.92,-4.737992444
82056668.3,-4.757070299
82115290.67,-4.775878788
82173913.04,-4.800154858
82232535.42,-4.82326771
82291157.79,-4.84235595
82349780.17,-4.863978592
82408402.54,-4.889610655
82467024.91,-4.912843373
82525647.29,-4.931944288
82584269.66,-4.953831494
82642892.04,-4.979075194
82701514.41,-5.004758551
82760136.79,-5.021784992
82818759.16,-5.043645702
82877381.53,-5.070453465
82936003.91,-5.09452083
82994626.28,-5.111432947
83053248.66,-5.134802687
83111871.03,-5.161662313
83170493.4,-5.182962034
83229115.78,-5.200473095
83287738.15,-5.223122752
83346360.53,-5.250676349
83404982.9,-5.272606741
83463605.28,-5.28507671
83522227.65,-5.30669846
83580850.02,-5.334352082
83639472.4,-5.354034179
83698094.77,-5.366459476
83756717.15,-5.385271035
83815339.52,-5.409211336
83873961.9,-5.428662237
83932584.27,-5.438361085
83991206.64,-5.455341779
84049829.02,-5.477061239
84108451.39,-5.498193285
84167073.77,-5.505284726
84225696.14,-5.519661948
84284318.51,-5.539830343
84342940.89,-5.557260688
84401563.26,-5.564595323
84460185.64,-5.575881162
84518808.01,-5.591210959
84577430.39,-5.610186918
84636052.76,-5.616082498
84694675.13,-5.622682517
84753297.51,-5.636238826
84811919.88,-5.651543359
84870542.26,-5.659868106
84929164.63,-5.662330222
84987787.01,-5.67288355
85046409.38,-5.684605617
85105031.75,-5.69148764
85163654.13,-5.69430127
85222276.5,-5.700568485
85280898.88,-5.708144424
85339521.25,-5.717053396
85398143.62,-5.715323805
85456766,-5.72216681
85515388.37,-5.726262029
85574010.75,-5.733852435
85632633.12,-5.731493329
85691255.5,-5.735026508
85749877.87,-5.739255746
85808500.24,-5.744598449
85867122.62,-5.745541635
85925744.99,-5.745631881
85984367.37,-5.749161196
86042989.74,-5.753245131
86101612.12,-5.755882023
86160234.49,-5.753955736
86218856.86,-5.760275325
86277479.24,-5.760804171
86336101.61,-5.766716637
86394723.99,-5.764108253
86453346.36,-5.76796847
86511968.73,-5.770311507
86570591.11,-5.775033008
86629213.48,-5.773533824
86687835.86,-5.77838382
86746458.23,-5.781717225
86805080.61,-5.785189233
86863702.98,-5.786213997
86922325.35,-5.790269658
86980947.73,-5.79930351
87039570.1,-5.799626745
87098192.48,-5.805780914
87156814.85,-5.807062365
87215437.23,-5.820679409
87274059.6,-5.826515054
87332681.97,-5.831969672
87391304.35,-5.837562258
87449926.72,-5.848575547
87508549.1,-5.861617829
87567171.47,-5.868210145
87625793.84,-5.87671723
87684416.22,-5.885624014
87743038.59,-5.905212611
87801660.97,-5.915806289
87860283.34,-5.926937334
87918905.72,-5.936646064
87977528.09,-5.955788225
88036150.46,-5.974743726
88094772.84,-5.986084445
88153395.21,-5.999708558
88212017.59,-6.014218407
88270639.96,-6.043581287
88329262.34,-6.060878112
88387884.71,-6.075292136
88446507.08,-6.091582089
88505129.46,-6.115390817
88563751.83,-6.143662548
88622374.21,-6.162465917
88680996.58,-6.181427635
88739618.95,-6.202495104
88798241.33,-6.236062624
88856863.7,-6.261331399
88915486.08,-6.281942496
88974108.45,-6.302640082
89032730.83,-6.330223035
89091353.2,-6.364563253
89149975.57,-6.388060475
89208597.95,-6.411390603
89267220.32,-6.43455262
89325842.7,-6.471371794
89384465.07,-6.502508166
89443087.45,-6.525412826
89501709.82,-6.547767899
89560332.19,-6.577880096
89618954.57,-6.615830917
89677576.94,-6.642812655
89736199.32,-6.668269754
89794821.69,-6.691426004
89853444.06,-6.726589102
89912066.44,-6.762416262
89970688.81,-6.78761309
90029311.19,-6.81249111
90087933.56,-6.839823959
90146555.94,-6.877546771
90205178.31,-6.909167975
90263800.68,-6.936189961
90322423.06,-6.958346691
90381045.43,-6.986662754
90439667.81,-7.022591293
90498290.18,-7.052139535
90556912.55,-7.076371541
90615534.93,-7.097926724
90674157.3,-7.131412225
90732779.68,-7.163254487
90791402.05,-7.185741016
90850024.43,-7.212822515
90908646.8,-7.23139947
90967269.17,-7.265063585
91025891.55,-7.290279705
91084513.92,-7.312325627
91143136.3,-7.334468683
91201758.67,-7.351062667
91260381.05,-7.387117294
91319003.42,-7.407556964
91377625.79,-7.422879213
91436248.17,-7.445450591
91494870.54,-7.461662546
91553492.92,-7.49381369
91612115.29,-7.505786129
91670737.66,-7.524357089
91729360.04,-7.539568267
91787982.41,-7.557361635
91846604.79,-7.584835447
91905227.16,-7.594202227
91963849.54,-7.607003568
92022471.91,-7.622099653
92081094.28,-7.637332887
92139716.66,-7.659588853
92198339.03,-7.666531601
92256961.41,-7.67863569
92315583.78,-7.689969981
92374206.16,-7.7030738
92432828.53,-7.721743779
92491450.9,-7.723612508
92550073.28,-7.734106543
92608695.65,-7.740085037
92667318.03,-7.754106907
92725940.4,-7.767678851
92784562.77,-7.76734033
92843185.15,-7.775303087
92901807.52,-7.782251597
92960429.9,-7.792020038
93019052.27,-7.802829078
93077674.65,-7.801674596
93136297.02,-7.807309126
93194919.39,-7.810471816
93253541.77,-7.821307242
93312164.14,-7.831333079
93370786.52,-7.829215665
93429408.89,-7.834992141
93488031.27,-7.837836446
93546653.64,-7.846519825
93605276.01,-7.856463555
93663898.39,-7.855877476
93722520.76,-7.860816396
93781143.14,-7.863202691
93839765.51,-7.873224213
93898387.88,-7.883002802
93957010.26,-7.882453462
94015632.63,-7.888493434
94074255.01,-7.894103572
94132877.38,-7.904871821
94191499.76,-7.915871084
94250122.13,-7.91702551
94308744.5,-7.925132768
94367366.88,-7.933300893
94425989.25,-7.941641572
94484611.63,-7.957505628
94543234,-7.959655889
94601856.38,-7.970466306
94660478.75,-7.982751206
94719101.12,-7.991041569
94777723.5,-8.012091435
94836345.87,-8.017802113
94894968.25,-8.029980372
94953590.62,-8.046652318
95012212.99,-8.059625253
95070835.37,-8.083406284
95129457.74,-8.096434592
95188080.12,-8.107289346
95246702.49,-8.129069745
95305324.87,-8.147949844
95363947.24,-8.173814932
95422569.61,-8.195869658
95481191.99,-8.208431182
95539814.36,-8.236415665
95598436.74,-8.261113696
95657059.11,-8.286483668
95715681.49,-8.317796233
95774303.86,-8.332550769
95832926.23,-8.358465368
95891548.61,-8.391940455
95950170.98,-8.419790372
96008793.36,-8.459048333
96067415.73,-8.480652691
96126038.1,-8.503963457
96184660.48,-8.540855684
96243282.85,-8.575752263
96301905.23,-8.616243439
96360527.6,-8.648243715
96419149.98,-8.670291898
96477772.35,-8.710938843
96536394.72,-8.749155321
96595017.1,-8.79057641
96653639.47,-8.83238586
96712261.85,-8.855711769
96770884.22,-8.892573863
96829506.6,-8.934811635
96888128.97,-8.979232469
96946751.34,-9.024304798
97005373.72,-9.055725325
97063996.09,-9.088508187
97122618.47,-9.130563849
97181240.84,-9.177738789
97239863.21,-9.223851044
97298485.59,-9.263136894
97357107.96,-9.293157409
97415730.34,-9.3336838
97474352.71,-9.380948827
97532975.09,-9.422939087
97591597.46,-9.470208371
97650219.83,-9.501416333
97708842.21,-9.534678082
97767464.58,-9.584766606
97826086.96,-9.621540316
97884709.33,-9.671226799
97943331.7,-9.706305071
98001954.08,-9.734061003
98060576.45,-9.779638775
98119198.83,-9.820221181
98177821.2,-9.856669778
98236443.58,-9.9050169
98295065.95,-9.925791691
98353688.32,-9.957840114
98412310.7,-10.00131571
98470933.07,-10.03287703
98529555.45,-10.0690248
98588177.82,-10.10726407
98646800.2,-10.12429342
98705422.57,-10.15976371
98764044.94,-10.19920314
98822667.32,-10.22186775
98881289.69,-10.25618931
98939912.07,-10.27639942
98998534.44,-10.29850205
99057156.81,-10.33565947
99115779.19,-10.36299349
99174401.56,-10.38135713
99233023.94,-10.41149612
99291646.31,-10.41900473
99350268.69,-10.44172
99408891.06,-10.47771941
99467513.43,-10.49780781
99526135.81,-10.50900026
99584758.18,-10.52744563
99643380.56,-10.53113872
99702002.93,-10.56280611
99760625.31,-10.5873438
99819247.68,-10.60110753
99877870.05,-10.61276252
99936492.43,-10.61965381
99995114.8,-10.6241805
100053737.2,-10.64815256
100112359.6,-10.66990725
100170981.9,-10.67755854
100229604.3,-10.68419784
100288226.7,-10.68440102
100346849,-10.69222109
100405471.4,-10.71712518
100464093.8,-10.73060449
100522716.2,-10.73933718
100581338.5,-10.74479991
100639960.9,-10.73722635
100698583.3,-10.75137171
100757205.7,-10.77179036
100815828,-10.78434056
100874450.4,-10.79331535
100933072.8,-10.79664092
100991695.2,-10.78956826
101050317.5,-10.80481131
101108939.9,-10.82967764
101167562.3,-10.83990585
101226184.7,-10.84921993
101284807,-10.85880722
101343429.4,-10.85114425
101402051.8,-10.87350768
101460674.2,-10.8952646
101519296.5,-10.90777084
101577918.9,-10.92125584
101636541.3,-10.93355654
101695163.7,-10.93243631
101753786,-10.96070908
101812408.4,-10.98014286
101871030.8,-10.99822007
101929653.2,-11.01356716
101988275.5,-11.03273262
102046897.9,-11.0373661
102105520.3,-11.07478392
102164142.6,-11.1020184
102222765,-11.11592632
102281387.4,-11.13821777
102340009.8,-11.16518264
102398632.1,-11.18244152
102457254.5,-11.22499729
102515876.9,-11.25374882
102574499.3,-11.27347844
102633121.6,-11.3007047
102691744,-11.33666772
102750366.4,-11.36073722
102808988.8,-11.41390583
102867611.1,-11.44961629
102926233.5,-11.47626995
102984855.9,-11.50559975
103043478.3,-11.54959917
103102100.6,-11.58826053
103160723,-11.64601476
103219345.4,-11.69152472
103277967.8,-11.72333375
103336590.1,-11.76086222
103395212.5,-11.80595362
103453834.9,-11.85819593
103512457.3,-11.91998319
103571079.6,-11.97997296
103629702,-12.01482796
103688324.4,-12.05742119
103746946.8,-12.10557609
103805569.1,-12.16567452
103864191.5,-12.23183458
103922813.9,-12.30857951
103981436.2,-12.35027479
104040058.6,-12.39199976
104098681,-12.44587206
104157303.4,-12.50537282
104215925.7,-12.57888739
104274548.1,-12.66227472
104333170.5,-12.71703156
104391792.9,-12.75892802
104450415.2,-12.81367288
104509037.6,-12.87157264
104567660,-12.94661255
104626282.4,-13.0378912
104684904.7,-13.10164902
104743527.1,-13.14714829
104802149.5,-13.20182985
104860771.9,-13.26691359
104919394.2,-13.33179406
104978016.6,-13.41971771
105036639,-13.49739257
105095261.4,-13.53962254
105153883.7,-13.59539254
105212506.1,-13.66094177
105271128.5,-13.72011939
105329750.9,-13.7905429
105388373.2,-13.87687586
105446995.6,-13.91683955
105505618,-13.96546741
105564240.4,-14.0263357
105622862.7,-14.08392009
105681485.1,-14.14368867
105740107.5,-14.21821827
105798729.8,-14.26474385
105857352.2,-14.2959088
105915974.6,-14.35044798
105974597,-14.40417953
106033219.3,-14.45539678
106091841.7,-14.5076303
106150464.1,-14.56416099
106209086.5,-14.57423621
106267708.8,-14.61774506
106326331.2,-14.66245957
106384953.6,-14.71958487
106443576,-14.75130986
106502198.3,-14.79064201
106560820.7,-14.81035233
106619443.1,-14.81664562
106678065.5,-14.86171082
106736687.8,-14.90069268
106795310.2,-14.93915913
106853932.6,-14.96259657
106912555,-14.97574181
106971177.3,-14.96152646
107029799.7,-14.98088964
107088422.1,-15.02300478
107147044.5,-15.05090725
107205666.8,-15.0741662
107264289.2,-15.08954982
107322911.6,-15.06990175
107381534,-15.05358368
107440156.3,-15.08092712
107498778.7,-15.11008164
107557401.1,-15.1372369
107616023.4,-15.15195606
107674645.8,-15.14606714
107733268.2,-15.11731101
107791890.6,-15.10949028
107850512.9,-15.14731813
107909135.3,-15.16569897
107967757.7,-15.18135034
108026380.1,-15.19489152
108085002.4,-15.18408476
108143624.8,-15.14862396
108202247.2,-15.16761195
108260869.6,-15.2010019
108319491.9,-15.21547631
108378114.3,-15.23291515
108436736.7,-15.24301059
108495359.1,-15.2265565
108553981.4,-15.20845799
108612603.8,-15.24010197
108671226.2,-15.26903235
108729848.6,-15.29376694
108788470.9,-15.30917431
108847093.3,-15.32757546
108905715.7,-15.31284622
108964338.1,-15.31358543
109022960.4,-15.36688714
109081582.8,-15.39951057
109140205.2,-15.4239952
109198827.6,-15.44529402
109257449.9,-15.47064147
109316072.3,-15.47237066
109374694.7,-15.49482302
109433317,-15.56123156
109491939.4,-15.59537595
109550561.8,-15.62908316
109609184.2,-15.6593447
109667806.5,-15.69839312
109726428.9,-15.71591987
109785051.3,-15.7675408
109843673.7,-15.84554504
109902296,-15.88515028
109960918.4,-15.92442568
110019540.8,-15.96781939
110078163.2,-16.01252154
110136785.5,-16.05977839
110195407.9,-16.13576657
110254030.3,-16.22393901
110312652.7,-16.27588102
110371275,-16.32325837
110429897.4,-16.37440065
110488519.8,-16.43633921
110547142.2,-16.50455688
110605764.5,-16.59644832
110664386.9,-16.71137434
110723009.3,-16.77062084
110781631.7,-16.82827062
110840254,-16.88716362
110898876.4,-16.9559148
110957498.8,-17.04483792
111016121.2,-17.16226677
111074743.5,-17.28657181
111133365.9,-17.36878109
111191988.3,-17.43111276
111250610.6,-17.49973045
111309233,-17.58160279
111367855.4,-17.67145422
111426477.8,-17.80972094
111485100.1,-17.95122828
111543722.5,-18.0369706
111602344.9,-18.09766178
111660967.3,-18.18155794
111719589.6,-18.26870964
111778212,-18.35646541
111836834.4,-18.4975269
111895456.8,-18.66618086
111954079.1,-18.75171206
112012701.5,-18.81811738
112071323.9,-18.89999368
112129946.3,-18.99208507
112188568.6,-19.07952938
112247191,-19.18881626
112305813.4,-19.35525168
112364435.8,-19.44486346
112423058.1,-19.49383349
112481680.5,-19.56543175
112540302.9,-19.65196442
112598925.3,-19.73390894
112657547.6,-19.82072407
112716170,-19.95543595
112774792.4,-20.03710578
112833414.8,-20.05128891
112892037.1,-20.10528782
112950659.5,-20.17489677
113009281.9,-20.2370503
113067904.3,-20.29688814
113126526.6,-20.37179686
113185149,-20.44306243
113243771.4,-20.42092783
113302393.7,-20.42424483
113361016.1,-20.47567217
113419638.5,-20.50230129
113478260.9,-20.53965472
113536883.2,-20.57512339
113595505.6,-20.5923766
113654128,-20.55240942
113712750.4,-20.49514977
113771372.7,-20.51374125
113829995.1,-20.52969459
113888617.5,-20.52832106
113947239.9,-20.53403539
114005862.2,-20.52448755
114064484.6,-20.46325128
114123107,-20.37426221
114181729.4,-20.34716514
114240351.7,-20.35049705
114298974.1,-20.3406082
114357596.5,-20.32982638
114416218.9,-20.30898042
114474841.2,-20.25312082
114533463.6,-20.13870145
114592086,-20.07495439
114650708.4,-20.07073972
114709330.7,-20.05237964
114767953.1,-20.02988357
114826575.5,-20.00524216
114885197.9,-19.97698163
114943820.2,-19.88577864
115002442.6,-19.79196552
115061065,-19.76659049
115119687.3,-19.76508391
115178309.7,-19.74764382
115236932.1,-19.72662336
115295554.5,-19.71138054
115354176.8,-19.6731164
115412799.2,-19.57986595
115471421.6,-19.52327345
115530044,-19.54469807
115588666.3,-19.54912438
115647288.7,-19.53116303
115705911.1,-19.52177287
115764533.5,-19.51800142
115823155.8,-19.47906819
115881778.2,-19.41665154
115940400.6,-19.41198327
115999023,-19.45824364
116057645.3,-19.46627618
116116267.7,-19.46839224
116174890.1,-19.47187855
116233512.5,-19.4824746
116292134.8,-19.45822029
116350757.2,-19.43338388
116409379.6,-19.476737
116468002,-19.53780516
116526624.3,-19.55656235
116585246.7,-19.57017448
116643869.1,-19.59609839
116702491.5,-19.62066411
116761113.8,-19.62212738
116819736.2,-19.64723198
116878358.6,-19.72202978
116936980.9,-19.79359801
116995603.3,-19.82181462
117054225.7,-19.8506961
117112848.1,-19.89488421
117171470.4,-19.93565999
117230092.8,-19.95972033
117288715.2,-20.03496671
117347337.6,-20.1300125
117405959.9,-20.21710171
117464582.3,-20.24471573
117523204.7,-20.29374859
117581827.1,-20.35015607
117640449.4,-20.39170305
117699071.8,-20.44529346
117757694.2,-20.55129976
117816316.6,-20.67776983
117874938.9,-20.74619674
117933561.3,-20.77690154
117992183.7,-20.82666188
118050806.1,-20.89671119
118109428.4,-20.94198352
118168050.8,-20.99701921
118226673.2,-21.11702756
118285295.6,-21.25058443
118343917.9,-21.31171256
118402540.3,-21.33801884
118461162.7,-21.38215549
118519785.1,-21.43005687
118578407.4,-21.47179896
118637029.8,-21.50716281
118695652.2,-21.62148723
118754274.5,-21.73298637
118812896.9,-21.76076961
118871519.3,-21.74772859
118930141.7,-21.7556714
118988764,-21.78792925
119047386.4,-21.79832626
119106008.8,-21.81088151
119164631.2,-21.86230642
119223253.5,-21.93991106
119281875.9,-21.91012745
119340498.3,-21.85267861
119399120.7,-21.82409007
119457743,-21.80919605
119516365.4,-21.78389425
119574987.8,-21.74603628
119633610.2,-21.74182546
119692232.5,-21.75596117
119750854.9,-21.67981913
119809477.3,-21.57034313
119868099.7,-21.5018917
119926722,-21.44441005
119985344.4,-21.37881422
120043966.8,-21.31757162
120102589.2,-21.26165022
120161211.5,-21.20341312
120219833.9,-21.10473833
120278456.3,-20.9723798
120337078.7,-20.86711877
120395701,-20.79754327
120454323.4,-20.71200776
120512945.8,-20.62460124
120571568.1,-20.54382966
120630190.5,-20.48045761
120688812.9,-20.36157333
120747435.3,-20.21123391
120806057.6,-20.10391319
120864680,-20.02317508
120923302.4,-19.9498911
120981924.8,-19.85570824
121040547.1,-19.76993803
121099169.5,-19.69691423
121157791.9,-19.59737587
121216414.3,-19.46083703
121275036.6,-19.34454888
121333659,-19.27759004
121392281.4,-19.21158627
121450903.8,-19.13491392
121509526.1,-19.05356586
121568148.5,-18.99158618
121626770.9,-18.92415614
121685393.3,-18.80781913
121744015.6,-18.69602895
121802638,-18.6281052
121861260.4,-18.58504107
121919882.8,-18.53621424
121978505.1,-18.46860991
122037127.5,-18.41308332
122095749.9,-18.37467011
122154372.3,-18.31103814
122212994.6,-18.2052151
122271617,-18.13786336
122330239.4,-18.11232169
122388861.7,-18.08852193
122447484.1,-18.04912827
122506106.5,-18.00102867
122564728.9,-17.97774721
122623351.2,-17.95025434
122681973.6,-17.89426877
122740596,-17.82308819
122799218.4,-17.79880986
122857840.7,-17.80292749
122916463.1,-17.7928663
122975085.5,-17.77346241
123033707.9,-17.75101866
123092330.2,-17.74401374
123150952.6,-17.73081554
123209575,-17.6898713
123268197.4,-17.66188272
123326819.7,-17.67087852
123385442.1,-17.69416366
123444064.5,-17.69382127
123502686.9,-17.68651983
123561309.2,-17.6985387
123619931.6,-17.70442884
123678554,-17.70026573
123737176.4,-17.68325844
123795798.7,-17.69200428
123854421.1,-17.7255302
123913043.5,-17.75814973
123971665.9,-17.75992245
124030288.2,-17.77101998
124088910.6,-17.79255776
124147533,-17.81643065
124206155.3,-17.81819776
124264777.7,-17.8182208
124323400.1,-17.85439887
124382022.5,-17.90691645
124440644.8,-17.94072707
124499267.2,-17.95259994
124557889.6,-17.96527742
124616512,-17.99509173
124675134.3,-18.01239789
124733756.7,-18.01350811
124792379.1,-18.03184472
124851001.5,-18.08916145
124909623.8,-18.14557561
124968246.2,-18.16213477
125026868.6,-18.1601342
125085491,-18.17401822
125144113.3,-18.19102506
125202735.7,-18.20944201
125261358.1,-18.20845307
125319980.5,-18.22015379
125378602.8,-18.27667286
125437225.2,-18.31897122
125495847.6,-18.31681594
125554470,-18.298258
125613092.3,-18.29309546
125671714.7,-18.29861679
125730337.1,-18.29097291
125788959.5,-18.27860787
125847581.8,-18.2661697
125906204.2,-18.30297575
125964826.6,-18.31221338
126023448.9,-18.29836731
126082071.3,-18.24781208
126140693.7,-18.21484748
126199316.1,-18.19580926
126257938.4,-18.16255043
126316560.8,-18.12507955
126375183.2,-18.0930162
126433805.6,-18.0874539
126492427.9,-18.07665746
126551050.3,-18.02494266
126609672.7,-17.96124087
126668295.1,-17.90357032
126726917.4,-17.85692022
126785539.8,-17.80796447
126844162.2,-17.75118719
126902784.6,-17.69949376
126961406.9,-17.6628407
127020029.3,-17.62541901
127078651.7,-17.55387083
127137274.1,-17.47167752
127195896.4,-17.39969312
127254518.8,-17.33620664
127313141.2,-17.27420858
127371763.6,-17.19859652
127430385.9,-17.13516849
127489008.3,-17.08898127
127547630.7,-17.03611572
127606253.1,-16.95818014
127664875.4,-16.86177388
127723497.8,-16.79147379
127782120.2,-16.7281851
127840742.6,-16.65803003
127899364.9,-16.58133868
127957987.3,-16.51696177
128016609.7,-16.45900815
128075232,-16.41311295
128133854.4,-16.33744153
128192476.8,-16.24982334
128251099.2,-16.17645902
128309721.5,-16.11745056
128368343.9,-16.06263184
128426966.3,-16.00145636
128485588.7,-15.93702839
128544211,-15.88160753
128602833.4,-15.84254481
128661455.8,-15.79321665
128720078.2,-15.71450863
128778700.5,-15.6432651
128837322.9,-15.59170671
128895945.3,-15.55285766
128954567.7,-15.51041471
129013190,-15.45723873
129071812.4,-15.41261422
129130434.8,-15.38271753
129189057.2,-15.35520788
129247679.5,-15.30185069
129306301.9,-15.23932385
129364924.3,-15.19373516
129423546.7,-15.16734158
129482169,-15.14764853
129540791.4,-15.11942992
129599413.8,-15.08478034
129658036.2,-15.06417935
129716658.5,-15.0519697
129775280.9,-15.03306468
129833903.3,-14.98805251
129892525.6,-14.95024915
129951148,-14.93038528
130009770.4,-14.92175308
130068392.8,-14.91779084
130127015.1,-14.90623456
130185637.5,-14.89504898
130244259.9,-14.8936612
130302882.3,-14.90166711
130361504.6,-14.88747796
130420127,-14.85793758
130478749.4,-14.84232904
130537371.8,-14.84086271
130595994.1,-14.84643974
130654616.5,-14.85787745
130713238.9,-14.86611696
130771861.3,-14.87382935
130830483.6,-14.89728741
130889106,-14.91115781
130947728.4,-14.90869479
131006350.8,-14.89212886
131064973.1,-14.88591913
131123595.5,-14.90528673
131182217.9,-14.92004751
131240840.3,-14.94220227
131299462.6,-14.95754349
131358085,-14.99161734
131416707.4,-15.01930768
131475329.8,-15.04070617
131533952.1,-15.04599084
131592574.5,-15.03997221
131651196.9,-15.05143407
131709819.2,-15.07587308
131768441.6,-15.09405666
131827064,-15.11406403
131885686.4,-15.13661497
131944308.7,-15.17086426
132002931.1,-15.19760689
132061553.5,-15.22409954
132120175.9,-15.22479135
132178798.2,-15.2202343
132237420.6,-15.24354783
132296043,-15.26199332
132354665.4,-15.28188648
132413287.7,-15.29741124
132471910.1,-15.30634075
132530532.5,-15.33186098
132589154.9,-15.35363019
132647777.2,-15.35904831
132706399.6,-15.35486284
132765022,-15.35179889
132823644.4,-15.3646411
132882266.7,-15.38520622
132940889.1,-15.3890536
132999511.5,-15.38381467
133058133.9,-15.38014131
133116756.2,-15.38711082
133175378.6,-15.38532283
133234001,-15.37463022
133292623.4,-15.35501946
133351245.7,-15.3393633
133409868.1,-15.33913403
133468490.5,-15.34655942
133527112.8,-15.33148698
133585735.2,-15.31202655
133644357.6,-15.28440151
133702980,-15.25903669
133761602.3,-15.24355576
133820224.7,-15.20366203
133878847.1,-15.1610154
133937469.5,-15.12968351
133996091.8,-15.11053058
134054714.2,-15.10627327
134113336.6,-15.08331828
134171959,-15.04296035
134230581.3,-14.99899627
134289203.7,-14.95890098
134347826.1,-14.91598563
134406448.5,-14.8635639
134465070.8,-14.80404301
134523693.2,-14.75460208
134582315.6,-14.72250421
134640938,-14.69983559
134699560.3,-14.66842101
134758182.7,-14.62536129
134816805.1,-14.57857103
134875427.5,-14.53034717
134934049.8,-14.47344543
134992672.2,-14.41766765
135051294.6,-14.35230386
135109917,-14.2965175
135168539.3,-14.24885957
135227161.7,-14.22464308
135285784.1,-14.19357899
135344406.4,-14.14879196
135403028.8,-14.10089158
135461651.2,-14.05149524
135520273.6,-14.00373435
135578895.9,-13.95644988
135637518.3,-13.89257089
135696140.7,-13.83837184
135754763.1,-13.79270284
135813385.4,-13.76356755
135872007.8,-13.73647157
135930630.2,-13.69701634
135989252.6,-13.65487279
136047874.9,-13.61611085
136106497.3,-13.57306706
136165119.7,-13.54151792
136223742.1,-13.49901752
136282364.4,-13.4532823
136340986.8,-13.41976898
136399609.2,-13.39299856
136458231.6,-13.37269777
136516853.9,-13.34885659
136575476.3,-13.30901394
136634098.7,-13.27712387
136692721.1,-13.25147656
136751343.4,-13.22724282
136809965.8,-13.20416614
136868588.2,-13.17981931
136927210.6,-13.15685968
136985832.9,-13.14288977
137044455.3,-13.13890484
137103077.7,-13.13181564
137161700,-13.11756272
137220322.4,-13.08251279
137278944.8,-13.05715792
137337567.2,-13.04686816
137396189.5,-13.03885256
137454811.9,-13.03305505
137513434.3,-13.02764992
137572056.7,-13.02846066
137630679,-13.03720688
137689301.4,-13.05607666
137747923.8,-13.05494904
137806546.2,-13.04792522
137865168.5,-13.02599297
137923790.9,-13.01346668
137982413.3,-13.01238263
138041035.7,-13.02137729
138099658,-13.02984644
138158280.4,-13.04263771
138216902.8,-13.06178188
138275525.2,-13.09066437
138334147.5,-13.12191344
138392769.9,-13.13623121
138451392.3,-13.13330771
138510014.7,-13.12006968
138568637,-13.1164236
138627259.4,-13.1211264
138685881.8,-13.13614488
138744504.2,-13.15579599
138803126.5,-13.177143
138861748.9,-13.21147019
138920371.3,-13.25249868
138978993.6,-13.28888358
139037616,-13.30756991
139096238.4,-13.31148847
139154860.8,-13.30640777
139213483.1,-13.30979078
139272105.5,-13.32036178
139330727.9,-13.33471128
139389350.3,-13.35430096
139447972.6,-13.37327637
139506595,-13.41082482
139565217.4,-13.44885509
139623839.8,-13.48041222
139682462.1,-13.49997647
139741084.5,-13.50558503
139799706.9,-13.49835939
139858329.3,-13.5023517
139916951.6,-13.51758212
139975574,-13.52690772
140034196.4,-13.53356565
140092818.8,-13.54604591
140151441.1,-13.56384817
140210063.5,-13.58405168
140268685.9,-13.60344248
140327308.3,-13.60478611
140385930.6,-13.60685497
140444553,-13.59721435
140503175.4,-13.59265019
140561797.8,-13.60609937
140620420.1,-13.60774091
140679042.5,-13.60669747
140737664.9,-13.60129684
140796287.2,-13.59188849
140854909.6,-13.59115009
140913532,-13.5856582
140972154.4,-13.56182786
141030776.7,-13.54483486
141089399.1,-13.52559243
141148021.5,-13.51152139
141206643.9,-13.51055245
141265266.2,-13.51302063
141323888.6,-13.50617125
141382511,-13.48061918
141441133.4,-13.45728555
141499755.7,-13.43266325
141558378.1,-13.40394429
141617000.5,-13.36379348
141675622.9,-13.3131634
141734245.2,-13.28123814
141792867.6,-13.2547012
141851490,-13.23893148
141910112.4,-13.23594417
141968734.7,-13.22262967
142027357.1,-13.20021272
142085979.5,-13.1640452
142144601.9,-13.12998894
142203224.2,-13.08898724
142261846.6,-13.03702038
142320469,-12.97555776
142379091.4,-12.92386273
142437713.7,-12.88721389
142496336.1,-12.86448112
142554958.5,-12.84874253
142613580.9,-12.83474159
142672203.2,-12.81201564
142730825.6,-12.7790857
142789448,-12.74606498
142848070.3,-12.70856111
142906692.7,-12.66529859
142965315.1,-12.60880368
143023937.5,-12.55765475
143082559.8,-12.51310526
143141182.2,-12.48170665
143199804.6,-12.46548511
143258427,-12.4505816
143317049.3,-12.43539076
143375671.7,-12.40848836
143434294.1,-12.38046002
143492916.5,-12.3495051
143551538.8,-12.32132766
143610161.2,-12.28995493
143668783.6,-12.24792227
143727406,-12.21075872
143786028.3,-12.18473075
143844650.7,-12.17178052
143903273.1,-12.16034178
143961895.5,-12.1494747
144020517.8,-12.13043319
144079140.2,-12.10874004
144137762.6,-12.08706555
144196385,-12.07250497
144255007.3,-12.05682413
144313629.7,-12.03655683
144372252.1,-12.01730037
144430874.5,-12.00389271
144489496.8,-12.0060591
144548119.2,-12.00395384
144606741.6,-12.00361374
144665363.9,-12.00238033
144723986.3,-11.9854001
144782608.7,-11.96355067
144841231.1,-11.95577691
144899853.4,-11.94779895
144958475.8,-11.94854574
145017098.2,-11.94994454
145075720.6,-11.95339437
145134342.9,-11.96353609
145192965.3,-11.98903074
145251587.7,-12.01125764
145310210.1,-12.02258978
145368832.4,-12.02672833
145427454.8,-12.01674847
145486077.2,-12.00402554
145544699.6,-11.99967524
145603321.9,-12.00131853
145661944.3,-12.01193981
145720566.7,-12.02732393
145779189.1,-12.04480316
145837811.4,-12.07669045
145896433.8,-12.11731292
145955056.2,-12.15473653
146013678.6,-12.1834151
146072300.9,-12.19290203
146130923.3,-12.19061962
146189545.7,-12.18199196
146248168.1,-12.18044104
146306790.4,-12.18958492
146365412.8,-12.20019866
146424035.2,-12.21963935
146482657.5,-12.2467736
146541279.9,-12.2799536
146599902.3,-12.32386128
146658524.7,-12.37230099
146717147,-12.40066778
146775769.4,-12.41972747
146834391.8,-12.42509253
146893014.2,-12.4199472
146951636.5,-12.42087911
147010258.9,-12.42668771
147068881.3,-12.44007373
147127503.7,-12.45528892
147186126,-12.4720197
147244748.4,-12.49431486
147303370.8,-12.53120586
147361993.2,-12.56598288
147420615.5,-12.58946147
147479237.9,-12.60455723
147537860.3,-12.60673255
147596482.7,-12.60267288
147655105,-12.5984558
147713727.4,-12.60566852
147772349.8,-12.61388624
147830972.2,-12.62015783
147889594.5,-12.61976718
147948216.9,-12.62358513
148006839.3,-12.63185103
148065461.7,-12.64206849
148124084,-12.64449712
148182706.4,-12.63341391
148241328.8,-12.62579351
148299951.1,-12.61532655
148358573.5,-12.60484203
148417195.9,-12.60278704
148475818.3,-12.60966731
148534440.6,-12.6084252
148593063,-12.60017308
148651685.4,-12.58810378
148710307.8,-12.57244667
148768930.1,-12.55393609
148827552.5,-12.53366512
148886174.9,-12.50017836
148944797.3,-12.46191028
149003419.6,-12.43431535
149062042,-12.41239164
149120664.4,-12.40136508
149179286.8,-12.40201454
149237909.1,-12.4004287
149296531.5,-12.39168744
149355153.9,-12.36853937
149413776.3,-12.34538334
149472398.6,-12.31377472
149531021,-12.27731962
149589643.4,-12.23336408
149648265.8,-12.17979744
149706888.1,-12.12983677
149765510.5,-12.09323589
149824132.9,-12.06851083
149882755.3,-12.05516163
149941377.6,-12.05336367
150000000,-12.04338123